-- Filiais

INSERT INTO T_MOTTU_FILIAIS (END_FILIAL) VALUES ('Rua Bela Cintra, 987 - Consolação - São Paulo, SP');
INSERT INTO T_MOTTU_FILIAIS (END_FILIAL) VALUES ('Avenida das Américas, 4200 - Barra da Tijuca - Rio de Janeiro, RJ');
INSERT INTO T_MOTTU_FILIAIS (END_FILIAL) VALUES ('Rua da Aurora, 295 - Boa Vista - Recife, PE');
INSERT INTO T_MOTTU_FILIAIS (END_FILIAL) VALUES ('Av. Cristóvão Colombo, 1900 - Floresta - Porto Alegre, RS');
INSERT INTO T_MOTTU_FILIAIS (END_FILIAL) VALUES ('Av. T-63, 2345 - Setor Bueno - Goiânia, GO');

-- Motos (com valores numéricos que serão convertidos pelo V5)

INSERT INTO T_MOTTU_MOTOS (ID_FILIAL, ID_QR_CODE, ID_IMEI, NUM_CHASSI, NUM_MOTOR, MODELO_MOTO, PLACA_MOTO, STATUS_MOTO) VALUES (1, 'QRC-SP001', 861234567890123, '9C2JC4110GR000001', 876543210987654, 'Mottu Sport', 'FSP1A23', 1);
INSERT INTO T_MOTTU_MOTOS (ID_FILIAL, ID_QR_CODE, ID_IMEI, NUM_CHASSI, NUM_MOTOR, MODELO_MOTO, PLACA_MOTO, STATUS_MOTO) VALUES (2, 'QRC-RJ002', 861234567890124, '9C2JC4110GR000002', 876543210987655, 'Mottu Sport', 'RJX2B34', 1);
INSERT INTO T_MOTTU_MOTOS (ID_FILIAL, ID_QR_CODE, ID_IMEI, NUM_CHASSI, NUM_MOTOR, MODELO_MOTO, PLACA_MOTO, STATUS_MOTO) VALUES (3, 'QRC-PE003', 861234567890125, '9C2JC4110GR000003', 876543210987656, 'Mottu Sport', 'PEH3C45', 0);
INSERT INTO T_MOTTU_MOTOS (ID_FILIAL, ID_QR_CODE, ID_IMEI, NUM_CHASSI, NUM_MOTOR, MODELO_MOTO, PLACA_MOTO, STATUS_MOTO) VALUES (4, 'QRC-RS004', 861234567890126, '9C2JC4110GR000004', 876543210987657, 'Mottu Sport', 'RSK4D56', 1);
INSERT INTO T_MOTTU_MOTOS (ID_FILIAL, ID_QR_CODE, ID_IMEI, NUM_CHASSI, NUM_MOTOR, MODELO_MOTO, PLACA_MOTO, STATUS_MOTO) VALUES (5, 'QRC-GO005', 861234567890127, '9C2JC4110GR000005', 876543210987658, 'Mottu Sport', 'GOM5E67', 0);
INSERT INTO T_MOTTU_MOTOS (ID_FILIAL, ID_QR_CODE, ID_IMEI, NUM_CHASSI, NUM_MOTOR, MODELO_MOTO, PLACA_MOTO, STATUS_MOTO) VALUES (1, 'QRC-SP006', 861234567890128, '9C2JC4110GR000006', 876543210987659, 'Mottu Urban', 'FSP2B45', 2);
INSERT INTO T_MOTTU_MOTOS (ID_FILIAL, ID_QR_CODE, ID_IMEI, NUM_CHASSI, NUM_MOTOR, MODELO_MOTO, PLACA_MOTO, STATUS_MOTO) VALUES (2, 'QRC-RJ007', 861234567890129, '9C2JC4110GR000007', 876543210987660, 'Mottu Urban', 'RJX3C67', 3);

-- Localizações

INSERT INTO T_MOTTU_LOCALIZACOES (ID_MOTO, ID_IMAGEM, POS_X, POS_Y, STATUS_LOCALIZACAO, DATA_LOCALIZACAO) VALUES (1, 'b0229ca8-62c1-449f-a960-e134548d86cd', 5.123, 6.321, 0, '2025-05-20 08:30:15');
INSERT INTO T_MOTTU_LOCALIZACOES (ID_MOTO, ID_IMAGEM, POS_X, POS_Y, STATUS_LOCALIZACAO, DATA_LOCALIZACAO) VALUES (1, 'aa29bc8d-ff11-441f-a960-e134548d8000', 5.789, 6.999, 1, '2025-05-21 14:45:22');
INSERT INTO T_MOTTU_LOCALIZACOES (ID_MOTO, ID_IMAGEM, POS_X, POS_Y, STATUS_LOCALIZACAO, DATA_LOCALIZACAO) VALUES (2, 'b41b7512-3622-4073-87e9-7033f1ca1ee0', 7.567, 2.876, 0, '2025-05-19 10:15:33');
INSERT INTO T_MOTTU_LOCALIZACOES (ID_MOTO, ID_IMAGEM, POS_X, POS_Y, STATUS_LOCALIZACAO, DATA_LOCALIZACAO) VALUES (2, 'bb71ba1e-9832-4033-87e9-7033f1ca1fff', 7.890, 3.111, 1, '2025-05-22 16:20:41');
INSERT INTO T_MOTTU_LOCALIZACOES (ID_MOTO, ID_IMAGEM, POS_X, POS_Y, STATUS_LOCALIZACAO, DATA_LOCALIZACAO) VALUES (3, '3896fb2f-c9ca-40b4-9b55-95f59972eb11', 3.112, 5.234, 0, '2025-05-18 12:05:18');
INSERT INTO T_MOTTU_LOCALIZACOES (ID_MOTO, ID_IMAGEM, POS_X, POS_Y, STATUS_LOCALIZACAO, DATA_LOCALIZACAO) VALUES (3, 'cc56dc2e-ab12-4ab4-9b55-95f59972ea88', 4.123, 5.987, 1, '2025-05-23 09:35:27');
INSERT INTO T_MOTTU_LOCALIZACOES (ID_MOTO, ID_IMAGEM, POS_X, POS_Y, STATUS_LOCALIZACAO, DATA_LOCALIZACAO) VALUES (4, 'f30ced12-ccb8-4e23-8c5c-e275480398ff', 1.789, 9.001, 0, '2025-05-17 15:42:56');
INSERT INTO T_MOTTU_LOCALIZACOES (ID_MOTO, ID_IMAGEM, POS_X, POS_Y, STATUS_LOCALIZACAO, DATA_LOCALIZACAO) VALUES (4, 'dd98ef34-cd45-4e23-8c5c-e27548031234', 2.222, 8.888, 1, '2025-05-24 11:18:03');
INSERT INTO T_MOTTU_LOCALIZACOES (ID_MOTO, ID_IMAGEM, POS_X, POS_Y, STATUS_LOCALIZACAO, DATA_LOCALIZACAO) VALUES (5, '35365cb3-8358-4348-ab4e-0b3e9e94fa8f', 4.980, 0.457, 0, '2025-05-16 13:52:44');

-- Usuários
INSERT INTO t_mottu_usuario (id_filial, primeiro_nome, sobrenome, email, senha, idade) VALUES (1, 'Pedro', 'Antonieti', 'pedro.antonieti@mottu.com', '$2a$12$h227p1QzQEB2cIW/BrzZletfr20O0lNDBMYZM0K6z5faY6bJ17kpO', 29);
INSERT INTO t_mottu_usuario (id_filial, primeiro_nome, sobrenome, email, senha, idade) VALUES (2, 'Amanda', 'Ferreira', 'amanda.ferreira@mottu.com', '$2a$12$h227p1QzQEB2cIW/BrzZletfr20O0lNDBMYZM0K6z5faY6bJ17kpO', 32);
INSERT INTO t_mottu_usuario (id_filial, primeiro_nome, sobrenome, email, senha, idade) VALUES (3, 'Tiago', 'Lima', 'tiago.lima@mottu.com', '$2a$12$h227p1QzQEB2cIW/BrzZletfr20O0lNDBMYZM0K6z5faY6bJ17kpO', 27);
INSERT INTO t_mottu_usuario (id_filial, primeiro_nome, sobrenome, email, senha, idade) VALUES (4, 'Juliana', 'Souza', 'juliana.souza@mottu.com', '$2a$12$h227p1QzQEB2cIW/BrzZletfr20O0lNDBMYZM0K6z5faY6bJ17kpO', 35);
INSERT INTO t_mottu_usuario (id_filial, primeiro_nome, sobrenome, email, senha, idade) VALUES (5, 'Bruno', 'Castro', 'bruno.castro@mottu.com', '$2a$12$h227p1QzQEB2cIW/BrzZletfr20O0lNDBMYZM0K6z5faY6bJ17kpO', 31);

-- Cargos
INSERT INTO t_mottu_cargo (nome_cargo) VALUES ('ADMIN');
INSERT INTO t_mottu_cargo (nome_cargo) VALUES ('AUXILIAR');
INSERT INTO t_mottu_cargo (nome_cargo) VALUES ('CEO');
INSERT INTO t_mottu_cargo (nome_cargo) VALUES ('COORDENADOR');
INSERT INTO t_mottu_cargo (nome_cargo) VALUES ('ESTAGIARIO');
INSERT INTO t_mottu_cargo (nome_cargo) VALUES ('GERENTE');
INSERT INTO t_mottu_cargo (nome_cargo) VALUES ('MECANICO');
INSERT INTO t_mottu_cargo (nome_cargo) VALUES ('SUPERVISOR');

-- Relacionamento usuários ↔ cargos
-- Pedro Antonieti → SUPERVISOR (id_cargo = 8)
INSERT INTO t_usuario_cargo (id_usuario, id_cargo) VALUES (1, 8);

-- Amanda Ferreira → Admin (id_cargo = 1)
INSERT INTO t_usuario_cargo (id_usuario, id_cargo) VALUES (2, 1);

-- Tiago Lima → AUXILIAR (id_cargo = 2)
INSERT INTO t_usuario_cargo (id_usuario, id_cargo) VALUES (3, 2);

-- Juliana Souza → GERENTE (id_cargo = 6)
INSERT INTO t_usuario_cargo (id_usuario, id_cargo) VALUES (4, 6);

-- Bruno Castro → MECANICO (id_cargo = 7)
INSERT INTO t_usuario_cargo (id_usuario, id_cargo) VALUES (5, 7);
